GET	307	https://gamma.app/
GET	403	https://gamma.app/
GET	200	https://gamma.app/cdn-cgi/challenge-platform/h/b/orchestrate/chl_page/v1?ray=9d302fd9adce38e5
GET	200	https://challenges.cloudflare.com/turnstile/v0/b/7f3d2ee44814/api.js?onload=Tnvp8&render=explicit
POST	200	https://gamma.app/cdn-cgi/challenge-platform/h/b/flow/ov1/1384485306:1771945877:2fhiychIlnbHhRve8-KrpV6s3T7Je0scrul87k8X-cI/9d302fd9adce38e5/B3MZfcx.wMnE1_nT4uuRPft_zE40.N.QQZw_tiP9HWU-1771948942-1.2.1.1-DrAJDVzUBCNOzbiV_MEvhC8lgSesh51wod9X._ZgFgCix4BUzthfDAtzymr873j9
GET	200	blob:https://gamma.app/7db9b0dd-2d84-4c58-ad54-105dc06b5d40
GET	200	https://challenges.cloudflare.com/cdn-cgi/challenge-platform/h/b/turnstile/f/ov2/av0/rch/wvdp0/0x4AAAAAAADnPIDROrmt1Wwj/light/fbE/new/normal?lang=auto
GET	200	https://challenges.cloudflare.com/cdn-cgi/challenge-platform/h/b/cmg/1
POST	200	https://challenges.cloudflare.com/cdn-cgi/challenge-platform/h/b/flow/ov1/1171922393:1771945877:X5v7J0UxGkZki_XieBPxwV0sDPybFhPXifpRwpXlC3Q/9d302fdbafd5d5f4/NdDL5j9Gwz0PHEnYjyf3AvS8zb0XJG9VIgaRx6g6O28-1771948942-1.2.1.1-KXph6vLELBL.HOS.8hET_yMk70ZsPCuuqPFLiLj6j3U702G.I4t2nJabU8PDIxiN
GET	200	blob:https://challenges.cloudflare.com/093995bc-3c97-4bf7-ab80-4b25d2518939
GET	401	https://challenges.cloudflare.com/cdn-cgi/challenge-platform/h/b/pat/9d302fdbafd5d5f4/1771948942907/bdc3374092e3915f756f594715f7c7e7134bdbc2e76e869919117f5bf585d4f8/zTRY-YpFwm2cqTo
GET	200	blob:https://challenges.cloudflare.com/093995bc-3c97-4bf7-ab80-4b25d2518939
GET	200	https://challenges.cloudflare.com/cdn-cgi/challenge-platform/h/b/d/9d302fdbafd5d5f4/1771948942908/RhmAOwb4vD9iul0
POST	200	https://challenges.cloudflare.com/cdn-cgi/challenge-platform/h/b/flow/ov1/1171922393:1771945877:X5v7J0UxGkZki_XieBPxwV0sDPybFhPXifpRwpXlC3Q/9d302fdbafd5d5f4/NdDL5j9Gwz0PHEnYjyf3AvS8zb0XJG9VIgaRx6g6O28-1771948942-1.2.1.1-KXph6vLELBL.HOS.8hET_yMk70ZsPCuuqPFLiLj6j3U702G.I4t2nJabU8PDIxiN
GET	200	blob:https://challenges.cloudflare.com/b6c30414-8037-4027-9e0c-dfba72848808
GET	-1	blob:https://gamma.app/a74e3436-8d2f-4fcb-939c-b7f436929399
GET	-1	blob:https://challenges.cloudflare.com/ac74253a-07cd-4344-9c03-d279e974d69f
